Dataset,Teacher Avg Accuracy (%),O3-mini Avg Accuracy (%),Teacher Majority Accuracy (%),O3-mini Majority Accuracy (%)
Math,35.76470588235294,37.80392156862745,36.86,37.65
Chess,4.392156862745098,9.882352941176473,2.35,7.06
Exam,27.29411764705882,32.470588235294116,29.02,32.94
