Dataset,Teacher Avg Accuracy,O3-mini Avg Accuracy,Wins (Teacher > O3),Losses (Teacher < O3),Draws,Total Questions
Math,1.788235294117647,1.8901960784313727,1,8,42,51
Chess,0.2196078431372549,0.4941176470588236,8,21,22,51
Exam,1.364705882352941,1.6235294117647059,6,16,29,51
