Dataset,Teacher Std Accuracy,O3-mini Std Accuracy
Math,0.07752276451608855,0.03591365057919999
Chess,0.19923829703294224,0.23009585241604896
Exam,0.158039180118553,0.09506055257491046
